<?xml version="1.0" encoding="UTF-8"?>
<project-private xmlns="http://www.netbeans.org/ns/project-private/1">
    <editor-bookmarks xmlns="http://www.netbeans.org/ns/editor-bookmarks/2" lastBookmarkId="0"/>
    <open-files xmlns="http://www.netbeans.org/ns/projectui-open-files/2">
        <group>
            <file>file:/C:/Users/DELL/Desktop/Hospital%20Management%20System%20(MS%20Access)/src/PatientRegistration.java</file>
            <file>file:/C:/Users/DELL/Desktop/Hospital%20Management%20System%20(MS%20Access)/src/PatientDischargeRecord_Ward.java</file>
            <file>file:/C:/Users/DELL/Desktop/Hospital%20Management%20System%20(MS%20Access)/src/ChangePassword.java</file>
            <file>file:/C:/Users/DELL/Desktop/Hospital%20Management%20System%20(MS%20Access)/src/Medical-Nurse-Female-Dark-icon.png</file>
            <file>file:/C:/Users/DELL/Desktop/Hospital%20Management%20System%20(MS%20Access)/src/PatientAdmit_WardRecord1.java</file>
            <file>file:/C:/Users/DELL/Desktop/Hospital%20Management%20System%20(MS%20Access)/src/Nurse_Wardboy.java</file>
            <file>file:/C:/Users/DELL/Desktop/Hospital%20Management%20System%20(MS%20Access)/src/PatientAdmit_RoomRecord1.java</file>
            <file>file:/C:/Users/DELL/Desktop/Hospital%20Management%20System%20(MS%20Access)/src/About.java</file>
            <file>file:/C:/Users/DELL/Desktop/Hospital%20Management%20System%20(MS%20Access)/src/Nurse_WardBoyRecord.java</file>
            <file>file:/C:/Users/DELL/Desktop/Hospital%20Management%20System%20(MS%20Access)/src/PatientAdmit_Ward.java</file>
            <file>file:/C:/Users/DELL/Desktop/Hospital%20Management%20System%20(MS%20Access)/src/Login.java</file>
            <file>file:/C:/Users/DELL/Desktop/Hospital%20Management%20System%20(MS%20Access)/src/PatientDischarge_Ward.java</file>
            <file>file:/C:/Users/DELL/Desktop/Hospital%20Management%20System%20(MS%20Access)/src/ServicesRecord.java</file>
            <file>file:/C:/Users/DELL/Desktop/Hospital%20Management%20System%20(MS%20Access)/src/Bill_Ward.java</file>
            <file>file:/C:/Users/DELL/Desktop/Hospital%20Management%20System%20(MS%20Access)/src/DoctorRecord.java</file>
            <file>file:/C:/Users/DELL/Desktop/Hospital%20Management%20System%20(MS%20Access)/src/PatientAdmit_WardRecord.java</file>
            <file>file:/C:/Users/DELL/Desktop/Hospital%20Management%20System%20(MS%20Access)/src/Services.java</file>
            <file>file:/C:/Users/DELL/Desktop/Hospital%20Management%20System%20(MS%20Access)/src/PatientDischargeRecord_Room1.java</file>
            <file>file:/C:/Users/DELL/Desktop/Hospital%20Management%20System%20(MS%20Access)/src/Room.java</file>
            <file>file:/C:/Users/DELL/Desktop/Hospital%20Management%20System%20(MS%20Access)/src/Doctor.java</file>
            <file>file:/C:/Users/DELL/Desktop/Hospital%20Management%20System%20(MS%20Access)/src/Bill_RoomRecord.java</file>
            <file>file:/C:/Users/DELL/Desktop/Hospital%20Management%20System%20(MS%20Access)/src/UsersRegistrationRecord.java</file>
            <file>file:/C:/Users/DELL/Desktop/Hospital%20Management%20System%20(MS%20Access)/src/PatientAdmit_Room.java</file>
            <file>file:/C:/Users/DELL/Desktop/Hospital%20Management%20System%20(MS%20Access)/src/PatientDischargeRecord_Room.java</file>
            <file>file:/C:/Users/DELL/Desktop/Hospital%20Management%20System%20(MS%20Access)/src/MainMenu.java</file>
            <file>file:/C:/Users/DELL/Desktop/Hospital%20Management%20System%20(MS%20Access)/src/PatientRegistrationRecord.java</file>
            <file>file:/C:/Users/DELL/Desktop/Hospital%20Management%20System%20(MS%20Access)/src/People-Doctor-Male-icon.png</file>
            <file>file:/C:/Users/DELL/Desktop/Hospital%20Management%20System%20(MS%20Access)/src/Connect.java</file>
            <file>file:/C:/Users/DELL/Desktop/Hospital%20Management%20System%20(MS%20Access)/src/LoginDetails.java</file>
            <file>file:/C:/Users/DELL/Desktop/Hospital%20Management%20System%20(MS%20Access)/src/PatientAdmit_RoomRecord.java</file>
            <file>file:/C:/Users/DELL/Desktop/Hospital%20Management%20System%20(MS%20Access)/src/Bill_WardRecord.java</file>
            <file>file:/C:/Users/DELL/Desktop/Hospital%20Management%20System%20(MS%20Access)/src/PatientDischargeRecord_Ward1.java</file>
            <file>file:/C:/Users/DELL/Desktop/Hospital%20Management%20System%20(MS%20Access)/src/Ward.java</file>
            <file>file:/C:/Users/DELL/Desktop/Hospital%20Management%20System%20(MS%20Access)/src/Bill_Room.java</file>
            <file>file:/C:/Users/DELL/Desktop/Hospital%20Management%20System%20(MS%20Access)/src/PatientDischarge_Room.java</file>
            <file>file:/C:/Users/DELL/Desktop/Hospital%20Management%20System%20(MS%20Access)/src/UsersRegistration.java</file>
            <file>file:/C:/Users/DELL/Desktop/Hospital%20Management%20System%20(MS%20Access)/src/Patients-icon.png</file>
        </group>
    </open-files>
</project-private>
